Exped MegaMat Max 15 Sleeping Pad,171123,262.39,4.8
Rumpl Original Puffy Blanket - Geo,177876,93.69,4.7
Marmot Tungsten 2P Tent with Footprint,200288,174.29,4.6
Marmot Helium 15 Sleeping Bag,217630,300.29,5.0
GSI Outdoors Pinnacle Camper Cookset,830776,119.89,4.5
REI Co-op Pack-Away Bin,186178,65.39,4.7
Exped MegaMat 10 Sleeping Pad,113719,179.89,4.7
REI Co-op Pack-Away Adjustable Cube,186176,29.89,4.6
REI Co-op Skyward 4 Tent,202274,119.59,3.9
"Gerber 15"" Bushcraft Hatchet",198699,48.69,4.4
Gerber Suspension NXT Multi-Tool,144354,33.69,3.9
GSI Outdoors Rakau Folding Steak Knives - Package of 4,225827,37.39,0.0
GSI Outdoors Santoku Knife Set,129646,29.89,4.9
MPOWERD Luci Candle Lantern,147499,14.73,0.0
REI Co-op Outward Hammock,217992,98.83,4.6
Eureka NoBugZone 3-in-1 Shelter,189402,230.93,2.8
REI Co-op Traverse 32 Pack - Men's,185567,83.39,4.5
Mountain Summit Gear Aluminum Folding Picnic Table,200660,86.93,4.0
Eureka Ignite 2-Burner Camp Stove,149913,87.39,4.5
Exped MegaMat Duo 10 Sleeping Pad,113720,262.39,4.5
REI Co-op Traverse 32 Pack - Women's,185568,83.39,4.4
REI Co-op Flannel/Fleece Blanket,193589,59.95,4.6
Rumpl Original Puffy Recycled Blanket,160276,82.49,4.8
Sea to Summit X-Brew Coffee Dripper,230609,13.73,4.0
Ruffwear Front Range Dog Harness,170241,37.39,4.6
Stanley Even-Heat Camp Pro Cookset,161619,104.99,4.8
Eureka SPRK Camp Stove,187621,33.49,4.4
MPOWERD Luci Pro Series Inflatable Solar Lantern,234022,19.73,0.0
MPOWERD Luci Solar String Lights - 18',227376,41.19,4.4
Eureka SPRK+ Butane Camp Stove,179537,45.39,4.5
Exped MegaMat Max 15 Sleeping Pad,171123,262.39,4.8
Rumpl Original Puffy Blanket - Geo,177876,93.69,4.7
Marmot Tungsten 2P Tent with Footprint,200288,174.29,4.6
Marmot Helium 15 Sleeping Bag,217630,300.29,5.0
GSI Outdoors Pinnacle Camper Cookset,830776,119.89,4.5
REI Co-op Pack-Away Bin,186178,65.39,4.7
Exped MegaMat 10 Sleeping Pad,113719,179.89,4.7
REI Co-op Pack-Away Adjustable Cube,186176,29.89,4.6
REI Co-op Skyward 4 Tent,202274,119.59,3.9
"Gerber 15"" Bushcraft Hatchet",198699,48.69,4.4
Gerber Suspension NXT Multi-Tool,144354,33.69,3.9
GSI Outdoors Rakau Folding Steak Knives - Package of 4,225827,37.39,0.0
GSI Outdoors Santoku Knife Set,129646,29.89,4.9
MPOWERD Luci Candle Lantern,147499,14.73,0.0
REI Co-op Outward Hammock,217992,98.83,4.6
Eureka NoBugZone 3-in-1 Shelter,189402,230.93,2.8
Mountain Summit Gear Aluminum Folding Picnic Table,200660,86.93,4.0
Exped MegaMat Duo 10 Sleeping Pad,113720,262.39,4.5
Eureka Ignite 2-Burner Camp Stove,149913,87.39,4.5
REI Co-op Traverse 32 Pack - Women's,185568,83.39,4.4
REI Co-op Traverse 32 Pack - Men's,185567,83.39,4.5
REI Co-op Flannel/Fleece Blanket,193589,59.95,4.6
Rumpl Original Puffy Recycled Blanket,160276,82.49,4.8
Sea to Summit X-Brew Coffee Dripper,230609,13.73,4.0
Ruffwear Front Range Dog Harness,170241,37.39,4.6
Stanley Even-Heat Camp Pro Cookset,161619,104.99,4.8
Eureka SPRK Camp Stove,187621,33.49,4.4
MPOWERD Luci Pro Series Inflatable Solar Lantern,234022,19.73,0.0
MPOWERD Luci Solar String Lights - 18',227376,41.19,4.4
Eureka SPRK+ Butane Camp Stove,179537,45.39,4.5
